{
  "seq2seq": {
    "MSE": 34.95366599466225,
    "RMSE": 5.912162548058219,
    "MAE": 4.664329959939908,
    "sMAPE%": 50.044067855915344
  },
  "tcn": {
    "MSE": 161.33102518046786,
    "RMSE": 12.701615061891454,
    "MAE": 10.381691347227212,
    "sMAPE%": 77.8953138253357
  },
  "attention": {
    "MSE": 156.60222497224805,
    "RMSE": 12.514081067831071,
    "MAE": 10.211658007479462,
    "sMAPE%": 76.81397597151262
  }
}